Campaign,Ad Group,Keyword,Criterion Type,Max CPC,Final URL
NO | Brand,Brand exact,xala,Exact,,https://xala.no/
NO | Brand,Brand exact,xala technologies,Exact,,https://xala.no/
NO | Brand,Brand exact,xala tech,Exact,,https://xala.no/
NO | Brand,Brand exact,xala as,Exact,,https://xala.no/
NO | Brand,Brand exact,xala no,Exact,,https://xala.no/
NO | Brand,Brand exact,xalatechnologies,Exact,,https://xala.no/
NO | Brand,Brand exact,xala teknologi,Exact,,https://xala.no/
NO | Brand,Brand exact,xala asker,Exact,,https://xala.no/
NO | Saksbehandling (vendor intent),Saksbehandlingssystem,saksbehandlingssystem kommune,Exact,,https://xala.no/tjenester/saksbehandlingssystem
NO | Saksbehandling (vendor intent),Saksbehandlingssystem,saksbehandlingssystem for kommuner,Exact,,https://xala.no/tjenester/saksbehandlingssystem
NO | Saksbehandling (vendor intent),Saksbehandlingssystem,leverandør saksbehandlingssystem,Exact,,https://xala.no/tjenester/saksbehandlingssystem
NO | Saksbehandling (vendor intent),Saksbehandlingssystem,nytt saksbehandlingssystem kommune,Exact,,https://xala.no/tjenester/saksbehandlingssystem
NO | Saksbehandling (vendor intent),Saksbehandlingssystem,bytte saksbehandlingssystem,Exact,,https://xala.no/tjenester/saksbehandlingssystem
NO | Saksbehandling (vendor intent),Saksbehandlingssystem,system for saksbehandling,Exact,,https://xala.no/tjenester/saksbehandlingssystem
NO | Saksbehandling (vendor intent),Saksbehandlingssystem,elektronisk saksbehandling system,Exact,,https://xala.no/tjenester/saksbehandlingssystem
NO | Saksbehandling (vendor intent),Saksbehandlingssystem,digital saksbehandling kommune,Exact,,https://xala.no/tjenester/saksbehandlingssystem
NO | Saksbehandling (vendor intent),Saksbehandlingssystem,skreddersydd saksbehandlingssystem,Exact,,https://xala.no/tjenester/saksbehandlingssystem
NO | Saksbehandling (vendor intent),Saksbehandlingssystem,utvikling av saksbehandlingssystem,Exact,,https://xala.no/tjenester/saksbehandlingssystem
NO | Saksbehandling (vendor intent),Saksbehandlingssystem,sakssystem kommune,Exact,,https://xala.no/tjenester/saksbehandlingssystem
NO | Saksbehandling (vendor intent),Saksbehandlingsplattform,saksbehandlingsplattform,Exact,,https://xala.no/tjenester/saksbehandlingsplattform
NO | Saksbehandling (vendor intent),Saksbehandlingsplattform,saksbehandlingsplattform kommune,Exact,,https://xala.no/tjenester/saksbehandlingsplattform
NO | Saksbehandling (vendor intent),Saksbehandlingsplattform,plattform for saksbehandling,Exact,,https://xala.no/tjenester/saksbehandlingsplattform
NO | Saksbehandling (vendor intent),Saksbehandlingsplattform,felles saksbehandlingsplattform,Exact,,https://xala.no/tjenester/saksbehandlingsplattform
NO | Saksbehandling (vendor intent),Fagsystem,fagsystem kommune,Exact,,https://xala.no/tjenester/saksbehandlingssystem
NO | Saksbehandling (vendor intent),Fagsystem,fagsystem offentlig sektor,Exact,,https://xala.no/tjenester/saksbehandlingssystem
NO | Saksbehandling (vendor intent),Fagsystem,fagsystem leverandør,Exact,,https://xala.no/tjenester/saksbehandlingssystem
NO | Saksbehandling (vendor intent),Fagsystem,utvikling av fagsystem,Exact,,https://xala.no/tjenester/saksbehandlingssystem
NO | Saksbehandling (vendor intent),Fagsystem,nytt fagsystem kommune,Exact,,https://xala.no/tjenester/saksbehandlingssystem
NO | Tilskudd og bevilling (vendor intent),Tilskuddsportal,tilskuddsportal for kommuner,Exact,,https://xala.no/tjenester/tilskuddsportal
NO | Tilskudd og bevilling (vendor intent),Tilskuddsportal,tilskuddsportal leverandør,Exact,,https://xala.no/tjenester/tilskuddsportal
NO | Tilskudd og bevilling (vendor intent),Tilskuddsportal,tilskuddsportal kommune system,Exact,,https://xala.no/tjenester/tilskuddsportal
NO | Tilskudd og bevilling (vendor intent),Tilskuddsportal,system for tilskuddsforvaltning,Exact,,https://xala.no/tjenester/tilskuddsportal
NO | Tilskudd og bevilling (vendor intent),Tilskuddsportal,tilskuddsforvaltning system,Exact,,https://xala.no/tjenester/tilskuddsportal
NO | Tilskudd og bevilling (vendor intent),Tilskuddsportal,digital tilskuddsordning kommune,Exact,,https://xala.no/tjenester/tilskuddsportal
NO | Tilskudd og bevilling (vendor intent),Tilskuddsportal,digitalisere tilskuddsordning,Exact,,https://xala.no/tjenester/tilskuddsportal
NO | Tilskudd og bevilling (vendor intent),Bevillingsportal,bevillingsportal for kommuner,Exact,,https://xala.no/tjenester/bevillingsportal
NO | Tilskudd og bevilling (vendor intent),Bevillingsportal,bevillingsportal leverandør,Exact,,https://xala.no/tjenester/bevillingsportal
NO | Tilskudd og bevilling (vendor intent),Bevillingsportal,bevillingssystem kommune,Exact,,https://xala.no/tjenester/bevillingsportal
NO | Tilskudd og bevilling (vendor intent),Bevillingsportal,system for skjenkebevilling,Exact,,https://xala.no/tjenester/bevillingsportal
NO | Tilskudd og bevilling (vendor intent),Bevillingsportal,saksbehandling skjenkebevilling system,Exact,,https://xala.no/tjenester/bevillingsportal
NO | Tilskudd og bevilling (vendor intent),Bevillingsportal,digital bevillingssøknad kommune,Exact,,https://xala.no/tjenester/bevillingsportal
NO | Tilskudd og bevilling (vendor intent),Bevillingsportal,salgsbevilling system kommune,Exact,,https://xala.no/tjenester/bevillingsportal
NO | Tilskudd og bevilling (vendor intent),Bevillingsportal,bevillingssaker system,Exact,,https://xala.no/tjenester/bevillingsportal
NO | Modernisering og integrasjon,Modernisering av fagsystemer,modernisering av fagsystemer,Exact,,https://xala.no/tjenester/modernisering-av-fagsystemer
NO | Modernisering og integrasjon,Modernisering av fagsystemer,modernisere fagsystem,Exact,,https://xala.no/tjenester/modernisering-av-fagsystemer
NO | Modernisering og integrasjon,Modernisering av fagsystemer,systemmodernisering offentlig sektor,Exact,,https://xala.no/tjenester/modernisering-av-fagsystemer
NO | Modernisering og integrasjon,Modernisering av fagsystemer,migrering av eldre systemer,Exact,,https://xala.no/tjenester/modernisering-av-fagsystemer
NO | Modernisering og integrasjon,Modernisering av fagsystemer,migrering fra legacy system,Exact,,https://xala.no/tjenester/modernisering-av-fagsystemer
NO | Modernisering og integrasjon,Modernisering av fagsystemer,legacy modernisering,Exact,,https://xala.no/tjenester/modernisering-av-fagsystemer
NO | Modernisering og integrasjon,Modernisering av fagsystemer,modernisere gammelt fagsystem,Exact,,https://xala.no/tjenester/modernisering-av-fagsystemer
NO | Modernisering og integrasjon,Modernisering av fagsystemer,erstatte gammelt fagsystem,Exact,,https://xala.no/tjenester/modernisering-av-fagsystemer
NO | Modernisering og integrasjon,Integrasjoner,altinn integrasjon,Exact,,https://xala.no/tjenester/integrasjoner
NO | Modernisering og integrasjon,Integrasjoner,integrasjon mot altinn,Exact,,https://xala.no/tjenester/integrasjoner
NO | Modernisering og integrasjon,Integrasjoner,altinn 3 integrasjon,Exact,,https://xala.no/tjenester/integrasjoner
NO | Modernisering og integrasjon,Integrasjoner,id-porten integrasjon,Exact,,https://xala.no/tjenester/integrasjoner
NO | Modernisering og integrasjon,Integrasjoner,maskinporten integrasjon,Exact,,https://xala.no/tjenester/integrasjoner
NO | Modernisering og integrasjon,Integrasjoner,noark 5 integrasjon,Exact,,https://xala.no/tjenester/integrasjoner
NO | Modernisering og integrasjon,Integrasjoner,integrasjon nasjonale felleskomponenter,Exact,,https://xala.no/tjenester/integrasjoner
NO | Modernisering og integrasjon,Integrasjoner,folkeregisteret integrasjon,Exact,,https://xala.no/tjenester/integrasjoner
NO | Modernisering og integrasjon,Systemintegrasjon,systemintegrasjon offentlig sektor,Exact,,https://xala.no/tjenester/systemintegrasjon
NO | Modernisering og integrasjon,Systemintegrasjon,systemintegrasjon kommune,Exact,,https://xala.no/tjenester/systemintegrasjon
NO | Modernisering og integrasjon,Systemintegrasjon,api integrasjon fagsystem,Exact,,https://xala.no/tjenester/systemintegrasjon
NO | Modernisering og integrasjon,Systemintegrasjon,integrasjonsplattform kommune,Exact,,https://xala.no/tjenester/systemintegrasjon
NO | Utviklingspartner,Systemutviklingshus,systemutviklingshus,Exact,,https://xala.no/tjenester
NO | Utviklingspartner,Systemutviklingshus,systemutvikling offentlig sektor,Exact,,https://xala.no/tjenester
NO | Utviklingspartner,Systemutviklingshus,programvareutvikling offentlig sektor,Exact,,https://xala.no/tjenester
NO | Utviklingspartner,Systemutviklingshus,skreddersydd programvare kommune,Exact,,https://xala.no/tjenester
NO | Utviklingspartner,Systemutviklingshus,utviklingspartner kommune,Exact,,https://xala.no/tjenester
NO | Utviklingspartner,Systemutviklingshus,konsulentselskap offentlig sektor,Exact,,https://xala.no/tjenester
NO | Utviklingspartner,Systemutviklingshus,it leverandør offentlig sektor,Exact,,https://xala.no/tjenester
NO | Utviklingspartner,Systemutviklingshus,utviklingshus norge,Exact,,https://xala.no/tjenester
NO | Utviklingspartner,SaaS og sky,saas offentlig sektor,Exact,,https://xala.no/tjenester/saas-applikasjonsutvikling
NO | Utviklingspartner,SaaS og sky,saas utvikling,Exact,,https://xala.no/tjenester/saas-applikasjonsutvikling
NO | Utviklingspartner,SaaS og sky,flerleietaker arkitektur,Exact,,https://xala.no/tjenester/saas-applikasjonsutvikling
NO | Utviklingspartner,SaaS og sky,azure offentlig sektor,Exact,,https://xala.no/tjenester/saas-applikasjonsutvikling
NO | Utviklingspartner,SaaS og sky,sky for offentlig sektor,Exact,,https://xala.no/tjenester/saas-applikasjonsutvikling
NO | Utviklingspartner,Automatisering og AI,automatisering av saksbehandling,Exact,,https://xala.no/tjenester/automatisering-og-ai
NO | Utviklingspartner,Automatisering og AI,ai i offentlig sektor,Exact,,https://xala.no/tjenester/automatisering-og-ai
NO | Utviklingspartner,Automatisering og AI,ai saksbehandling kommune,Exact,,https://xala.no/tjenester/automatisering-og-ai
NO | Utviklingspartner,Automatisering og AI,automatisere saksbehandling kommune,Exact,,https://xala.no/tjenester/automatisering-og-ai
NO | Utviklingspartner,Automatisering og AI,språkmodeller offentlig sektor,Exact,,https://xala.no/tjenester/automatisering-og-ai
NO | Utviklingspartner,Forvaltning og drift,forvaltning av fagsystemer,Exact,,https://xala.no/tjenester/forvaltning-og-drift
NO | Utviklingspartner,Forvaltning og drift,drift av fagsystem,Exact,,https://xala.no/tjenester/forvaltning-og-drift
NO | Utviklingspartner,Forvaltning og drift,applikasjonsforvaltning offentlig,Exact,,https://xala.no/tjenester/forvaltning-og-drift
NO | Utviklingspartner,SSA og anskaffelse (experiment),ssa-l,Exact,,https://xala.no/blogg/ssa-s-eller-ssa-l-kontraktsvalg-for-smidig-utvikling
NO | Utviklingspartner,SSA og anskaffelse (experiment),ssa-s,Exact,,https://xala.no/blogg/ssa-s-eller-ssa-l-kontraktsvalg-for-smidig-utvikling
NO | Utviklingspartner,SSA og anskaffelse (experiment),ssa s eller ssa l,Exact,,https://xala.no/blogg/ssa-s-eller-ssa-l-kontraktsvalg-for-smidig-utvikling
NO | Utviklingspartner,SSA og anskaffelse (experiment),ssa avtale utvikling,Exact,,https://xala.no/blogg/ssa-s-eller-ssa-l-kontraktsvalg-for-smidig-utvikling
NO | Utviklingspartner,SSA og anskaffelse (experiment),smidig utvikling offentlig anskaffelse,Exact,,https://xala.no/blogg/ssa-s-eller-ssa-l-kontraktsvalg-for-smidig-utvikling
NO | Konkurrenter,Konkurrentnavn,minflyt,Exact,,https://xala.no/caser
NO | Konkurrenter,Konkurrentnavn,minflyt saksbehandling,Exact,,https://xala.no/caser
NO | Konkurrenter,Konkurrentnavn,publix group,Exact,,https://xala.no/caser
NO | Konkurrenter,Konkurrentnavn,publixgroup,Exact,,https://xala.no/caser
NO | Konkurrenter,Konkurrentnavn,bevillingsklar,Exact,,https://xala.no/caser
NO | Konkurrenter,Konkurrentnavn,capra consulting,Exact,,https://xala.no/caser
NO | Konkurrenter,Konkurrentnavn,invo saksbehandling,Exact,,https://xala.no/caser
NO | Konkurrenter,Konkurrentnavn,businesswith,Exact,,https://xala.no/caser
NO | Rekruttering,Åpne roller,systemutvikler jobb,Phrase,,https://xala.no/karriere
NO | Rekruttering,Åpne roller,systemutvikler jobb,Exact,,https://xala.no/karriere
NO | Rekruttering,Åpne roller,systemutvikler stilling,Phrase,,https://xala.no/karriere
NO | Rekruttering,Åpne roller,systemutvikler stilling,Exact,,https://xala.no/karriere
NO | Rekruttering,Åpne roller,.net utvikler jobb,Phrase,,https://xala.no/karriere
NO | Rekruttering,Åpne roller,.net utvikler jobb,Exact,,https://xala.no/karriere
NO | Rekruttering,Åpne roller,c# utvikler jobb oslo,Phrase,,https://xala.no/karriere
NO | Rekruttering,Åpne roller,c# utvikler jobb oslo,Exact,,https://xala.no/karriere
NO | Rekruttering,Åpne roller,backend utvikler jobb oslo,Phrase,,https://xala.no/karriere
NO | Rekruttering,Åpne roller,backend utvikler jobb oslo,Exact,,https://xala.no/karriere
NO | Rekruttering,Åpne roller,frontend utvikler jobb oslo,Phrase,,https://xala.no/karriere
NO | Rekruttering,Åpne roller,frontend utvikler jobb oslo,Exact,,https://xala.no/karriere
NO | Rekruttering,Åpne roller,react utvikler jobb,Phrase,,https://xala.no/karriere
NO | Rekruttering,Åpne roller,react utvikler jobb,Exact,,https://xala.no/karriere
NO | Rekruttering,Åpne roller,typescript utvikler jobb,Phrase,,https://xala.no/karriere
NO | Rekruttering,Åpne roller,typescript utvikler jobb,Exact,,https://xala.no/karriere
NO | Rekruttering,Åpne roller,devops jobb oslo,Phrase,,https://xala.no/karriere
NO | Rekruttering,Åpne roller,devops jobb oslo,Exact,,https://xala.no/karriere
NO | Rekruttering,Åpne roller,azure devops stilling,Phrase,,https://xala.no/karriere
NO | Rekruttering,Åpne roller,azure devops stilling,Exact,,https://xala.no/karriere
NO | Rekruttering,Åpne roller,ux designer jobb oslo,Phrase,,https://xala.no/karriere
NO | Rekruttering,Åpne roller,ux designer jobb oslo,Exact,,https://xala.no/karriere
NO | Rekruttering,Åpne roller,tjenestedesigner jobb,Phrase,,https://xala.no/karriere
NO | Rekruttering,Åpne roller,tjenestedesigner jobb,Exact,,https://xala.no/karriere
NO | Rekruttering,Åpne roller,testautomatisering jobb,Phrase,,https://xala.no/karriere
NO | Rekruttering,Åpne roller,testautomatisering jobb,Exact,,https://xala.no/karriere
NO | Rekruttering,Åpne roller,qa tester jobb oslo,Phrase,,https://xala.no/karriere
NO | Rekruttering,Åpne roller,qa tester jobb oslo,Exact,,https://xala.no/karriere
NO | Rekruttering,Åpne roller,prosjektleder it jobb oslo,Phrase,,https://xala.no/karriere
NO | Rekruttering,Åpne roller,prosjektleder it jobb oslo,Exact,,https://xala.no/karriere
NO | Rekruttering,Åpne roller,utvikler jobb asker,Phrase,,https://xala.no/karriere
NO | Rekruttering,Åpne roller,utvikler jobb asker,Exact,,https://xala.no/karriere
NO | Rekruttering,Åpne roller,utvikler jobb bærum,Phrase,,https://xala.no/karriere
NO | Rekruttering,Åpne roller,utvikler jobb bærum,Exact,,https://xala.no/karriere
NO | Saksbehandling (vendor intent),,søke om,Campaign Negative Phrase,,
NO | Saksbehandling (vendor intent),,søknadsskjema,Campaign Negative Phrase,,
NO | Saksbehandling (vendor intent),,søknadsfrist,Campaign Negative Phrase,,
NO | Saksbehandling (vendor intent),,hvordan søke,Campaign Negative Phrase,,
NO | Saksbehandling (vendor intent),,søk om tilskudd,Campaign Negative Phrase,,
NO | Saksbehandling (vendor intent),,min side,Campaign Negative Phrase,,
NO | Saksbehandling (vendor intent),,logg inn,Campaign Negative Phrase,,
NO | Saksbehandling (vendor intent),,innlogging,Campaign Negative Phrase,,
NO | Saksbehandling (vendor intent),,skjema pdf,Campaign Negative Phrase,,
NO | Saksbehandling (vendor intent),,kunnskapsprøven,Campaign Negative Phrase,,
NO | Saksbehandling (vendor intent),,kunnskapsprøve,Campaign Negative Phrase,,
NO | Saksbehandling (vendor intent),,satser,Campaign Negative Phrase,,
NO | Saksbehandling (vendor intent),,gebyr,Campaign Negative Phrase,,
NO | Saksbehandling (vendor intent),,hva koster,Campaign Negative Phrase,,
NO | Saksbehandling (vendor intent),,klage på vedtak,Campaign Negative Phrase,,
NO | Saksbehandling (vendor intent),,veiledning for søkere,Campaign Negative Phrase,,
NO | Saksbehandling (vendor intent),,jobb,Campaign Negative Phrase,,
NO | Saksbehandling (vendor intent),,stilling,Campaign Negative Phrase,,
NO | Saksbehandling (vendor intent),,ledig stilling,Campaign Negative Phrase,,
NO | Saksbehandling (vendor intent),,lønn,Campaign Negative Phrase,,
NO | Saksbehandling (vendor intent),,karriere,Campaign Negative Phrase,,
NO | Saksbehandling (vendor intent),,praksisplass,Campaign Negative Phrase,,
NO | Saksbehandling (vendor intent),,lærling,Campaign Negative Phrase,,
NO | Saksbehandling (vendor intent),,student,Campaign Negative Phrase,,
NO | Saksbehandling (vendor intent),,bacheloroppgave,Campaign Negative Phrase,,
NO | Saksbehandling (vendor intent),,masteroppgave,Campaign Negative Phrase,,
NO | Saksbehandling (vendor intent),,studie,Campaign Negative Phrase,,
NO | Saksbehandling (vendor intent),,eksamen,Campaign Negative Phrase,,
NO | Saksbehandling (vendor intent),,kurs,Campaign Negative Phrase,,
NO | Saksbehandling (vendor intent),,utdanning,Campaign Negative Phrase,,
NO | Saksbehandling (vendor intent),,wikipedia,Campaign Negative Phrase,,
NO | Saksbehandling (vendor intent),,hva er,Campaign Negative Phrase,,
NO | Saksbehandling (vendor intent),,definisjon,Campaign Negative Phrase,,
NO | Saksbehandling (vendor intent),,hva betyr,Campaign Negative Phrase,,
NO | Tilskudd og bevilling (vendor intent),,søke om,Campaign Negative Phrase,,
NO | Tilskudd og bevilling (vendor intent),,søknadsskjema,Campaign Negative Phrase,,
NO | Tilskudd og bevilling (vendor intent),,søknadsfrist,Campaign Negative Phrase,,
NO | Tilskudd og bevilling (vendor intent),,hvordan søke,Campaign Negative Phrase,,
NO | Tilskudd og bevilling (vendor intent),,søk om tilskudd,Campaign Negative Phrase,,
NO | Tilskudd og bevilling (vendor intent),,min side,Campaign Negative Phrase,,
NO | Tilskudd og bevilling (vendor intent),,logg inn,Campaign Negative Phrase,,
NO | Tilskudd og bevilling (vendor intent),,innlogging,Campaign Negative Phrase,,
NO | Tilskudd og bevilling (vendor intent),,skjema pdf,Campaign Negative Phrase,,
NO | Tilskudd og bevilling (vendor intent),,kunnskapsprøven,Campaign Negative Phrase,,
NO | Tilskudd og bevilling (vendor intent),,kunnskapsprøve,Campaign Negative Phrase,,
NO | Tilskudd og bevilling (vendor intent),,satser,Campaign Negative Phrase,,
NO | Tilskudd og bevilling (vendor intent),,gebyr,Campaign Negative Phrase,,
NO | Tilskudd og bevilling (vendor intent),,hva koster,Campaign Negative Phrase,,
NO | Tilskudd og bevilling (vendor intent),,klage på vedtak,Campaign Negative Phrase,,
NO | Tilskudd og bevilling (vendor intent),,veiledning for søkere,Campaign Negative Phrase,,
NO | Tilskudd og bevilling (vendor intent),,jobb,Campaign Negative Phrase,,
NO | Tilskudd og bevilling (vendor intent),,stilling,Campaign Negative Phrase,,
NO | Tilskudd og bevilling (vendor intent),,ledig stilling,Campaign Negative Phrase,,
NO | Tilskudd og bevilling (vendor intent),,lønn,Campaign Negative Phrase,,
NO | Tilskudd og bevilling (vendor intent),,karriere,Campaign Negative Phrase,,
NO | Tilskudd og bevilling (vendor intent),,praksisplass,Campaign Negative Phrase,,
NO | Tilskudd og bevilling (vendor intent),,lærling,Campaign Negative Phrase,,
NO | Tilskudd og bevilling (vendor intent),,student,Campaign Negative Phrase,,
NO | Tilskudd og bevilling (vendor intent),,bacheloroppgave,Campaign Negative Phrase,,
NO | Tilskudd og bevilling (vendor intent),,masteroppgave,Campaign Negative Phrase,,
NO | Tilskudd og bevilling (vendor intent),,studie,Campaign Negative Phrase,,
NO | Tilskudd og bevilling (vendor intent),,eksamen,Campaign Negative Phrase,,
NO | Tilskudd og bevilling (vendor intent),,kurs,Campaign Negative Phrase,,
NO | Tilskudd og bevilling (vendor intent),,utdanning,Campaign Negative Phrase,,
NO | Tilskudd og bevilling (vendor intent),,wikipedia,Campaign Negative Phrase,,
NO | Tilskudd og bevilling (vendor intent),,hva er,Campaign Negative Phrase,,
NO | Tilskudd og bevilling (vendor intent),,definisjon,Campaign Negative Phrase,,
NO | Tilskudd og bevilling (vendor intent),,hva betyr,Campaign Negative Phrase,,
NO | Modernisering og integrasjon,,søke om,Campaign Negative Phrase,,
NO | Modernisering og integrasjon,,søknadsskjema,Campaign Negative Phrase,,
NO | Modernisering og integrasjon,,søknadsfrist,Campaign Negative Phrase,,
NO | Modernisering og integrasjon,,hvordan søke,Campaign Negative Phrase,,
NO | Modernisering og integrasjon,,søk om tilskudd,Campaign Negative Phrase,,
NO | Modernisering og integrasjon,,min side,Campaign Negative Phrase,,
NO | Modernisering og integrasjon,,logg inn,Campaign Negative Phrase,,
NO | Modernisering og integrasjon,,innlogging,Campaign Negative Phrase,,
NO | Modernisering og integrasjon,,skjema pdf,Campaign Negative Phrase,,
NO | Modernisering og integrasjon,,kunnskapsprøven,Campaign Negative Phrase,,
NO | Modernisering og integrasjon,,kunnskapsprøve,Campaign Negative Phrase,,
NO | Modernisering og integrasjon,,satser,Campaign Negative Phrase,,
NO | Modernisering og integrasjon,,gebyr,Campaign Negative Phrase,,
NO | Modernisering og integrasjon,,hva koster,Campaign Negative Phrase,,
NO | Modernisering og integrasjon,,klage på vedtak,Campaign Negative Phrase,,
NO | Modernisering og integrasjon,,veiledning for søkere,Campaign Negative Phrase,,
NO | Modernisering og integrasjon,,jobb,Campaign Negative Phrase,,
NO | Modernisering og integrasjon,,stilling,Campaign Negative Phrase,,
NO | Modernisering og integrasjon,,ledig stilling,Campaign Negative Phrase,,
NO | Modernisering og integrasjon,,lønn,Campaign Negative Phrase,,
NO | Modernisering og integrasjon,,karriere,Campaign Negative Phrase,,
NO | Modernisering og integrasjon,,praksisplass,Campaign Negative Phrase,,
NO | Modernisering og integrasjon,,lærling,Campaign Negative Phrase,,
NO | Modernisering og integrasjon,,student,Campaign Negative Phrase,,
NO | Modernisering og integrasjon,,bacheloroppgave,Campaign Negative Phrase,,
NO | Modernisering og integrasjon,,masteroppgave,Campaign Negative Phrase,,
NO | Modernisering og integrasjon,,studie,Campaign Negative Phrase,,
NO | Modernisering og integrasjon,,eksamen,Campaign Negative Phrase,,
NO | Modernisering og integrasjon,,kurs,Campaign Negative Phrase,,
NO | Modernisering og integrasjon,,utdanning,Campaign Negative Phrase,,
NO | Modernisering og integrasjon,,wikipedia,Campaign Negative Phrase,,
NO | Modernisering og integrasjon,,hva er,Campaign Negative Phrase,,
NO | Modernisering og integrasjon,,definisjon,Campaign Negative Phrase,,
NO | Modernisering og integrasjon,,hva betyr,Campaign Negative Phrase,,
NO | Utviklingspartner,,søke om,Campaign Negative Phrase,,
NO | Utviklingspartner,,søknadsskjema,Campaign Negative Phrase,,
NO | Utviklingspartner,,søknadsfrist,Campaign Negative Phrase,,
NO | Utviklingspartner,,hvordan søke,Campaign Negative Phrase,,
NO | Utviklingspartner,,søk om tilskudd,Campaign Negative Phrase,,
NO | Utviklingspartner,,min side,Campaign Negative Phrase,,
NO | Utviklingspartner,,logg inn,Campaign Negative Phrase,,
NO | Utviklingspartner,,innlogging,Campaign Negative Phrase,,
NO | Utviklingspartner,,skjema pdf,Campaign Negative Phrase,,
NO | Utviklingspartner,,kunnskapsprøven,Campaign Negative Phrase,,
NO | Utviklingspartner,,kunnskapsprøve,Campaign Negative Phrase,,
NO | Utviklingspartner,,satser,Campaign Negative Phrase,,
NO | Utviklingspartner,,gebyr,Campaign Negative Phrase,,
NO | Utviklingspartner,,hva koster,Campaign Negative Phrase,,
NO | Utviklingspartner,,klage på vedtak,Campaign Negative Phrase,,
NO | Utviklingspartner,,veiledning for søkere,Campaign Negative Phrase,,
NO | Utviklingspartner,,jobb,Campaign Negative Phrase,,
NO | Utviklingspartner,,stilling,Campaign Negative Phrase,,
NO | Utviklingspartner,,ledig stilling,Campaign Negative Phrase,,
NO | Utviklingspartner,,lønn,Campaign Negative Phrase,,
NO | Utviklingspartner,,karriere,Campaign Negative Phrase,,
NO | Utviklingspartner,,praksisplass,Campaign Negative Phrase,,
NO | Utviklingspartner,,lærling,Campaign Negative Phrase,,
NO | Utviklingspartner,,student,Campaign Negative Phrase,,
NO | Utviklingspartner,,bacheloroppgave,Campaign Negative Phrase,,
NO | Utviklingspartner,,masteroppgave,Campaign Negative Phrase,,
NO | Utviklingspartner,,studie,Campaign Negative Phrase,,
NO | Utviklingspartner,,eksamen,Campaign Negative Phrase,,
NO | Utviklingspartner,,kurs,Campaign Negative Phrase,,
NO | Utviklingspartner,,utdanning,Campaign Negative Phrase,,
NO | Utviklingspartner,,wikipedia,Campaign Negative Phrase,,
NO | Utviklingspartner,,hva er,Campaign Negative Phrase,,
NO | Utviklingspartner,,definisjon,Campaign Negative Phrase,,
NO | Utviklingspartner,,hva betyr,Campaign Negative Phrase,,
NO | Tilskudd og bevilling (vendor intent),,oslo kommune,Campaign Negative Phrase,,
NO | Tilskudd og bevilling (vendor intent),,bergen kommune,Campaign Negative Phrase,,
NO | Tilskudd og bevilling (vendor intent),,trondheim kommune,Campaign Negative Phrase,,
NO | Tilskudd og bevilling (vendor intent),,asker kommune,Campaign Negative Phrase,,
NO | Tilskudd og bevilling (vendor intent),,stavanger kommune,Campaign Negative Phrase,,
NO | Tilskudd og bevilling (vendor intent),,drammen kommune,Campaign Negative Phrase,,
NO | Tilskudd og bevilling (vendor intent),,bærum kommune,Campaign Negative Phrase,,
NO | Tilskudd og bevilling (vendor intent),,kommune.no,Campaign Negative Phrase,,
NO | Konkurrenter,,jobb,Campaign Negative Phrase,,
NO | Konkurrenter,,stilling,Campaign Negative Phrase,,
NO | Konkurrenter,,ledig stilling,Campaign Negative Phrase,,
NO | Konkurrenter,,lønn,Campaign Negative Phrase,,
NO | Konkurrenter,,karriere,Campaign Negative Phrase,,
NO | Konkurrenter,,praksisplass,Campaign Negative Phrase,,
NO | Konkurrenter,,lærling,Campaign Negative Phrase,,
NO | Konkurrenter,,student,Campaign Negative Phrase,,
NO | Konkurrenter,,bacheloroppgave,Campaign Negative Phrase,,
NO | Konkurrenter,,masteroppgave,Campaign Negative Phrase,,
NO | Konkurrenter,,studie,Campaign Negative Phrase,,
NO | Konkurrenter,,eksamen,Campaign Negative Phrase,,
NO | Konkurrenter,,kurs,Campaign Negative Phrase,,
NO | Konkurrenter,,utdanning,Campaign Negative Phrase,,
NO | Konkurrenter,,wikipedia,Campaign Negative Phrase,,
NO | Konkurrenter,,hva er,Campaign Negative Phrase,,
NO | Konkurrenter,,definisjon,Campaign Negative Phrase,,
NO | Konkurrenter,,hva betyr,Campaign Negative Phrase,,
NO | Rekruttering,,kommune,Campaign Negative Phrase,,
NO | Rekruttering,,leverandør,Campaign Negative Phrase,,
NO | Rekruttering,,anbud,Campaign Negative Phrase,,
NO | Rekruttering,,system for,Campaign Negative Phrase,,
NO | Rekruttering,,lønnsstatistikk,Campaign Negative Phrase,,
NO | Rekruttering,,hva tjener,Campaign Negative Phrase,,
NO | Rekruttering,,utdanning,Campaign Negative Phrase,,
NO | Rekruttering,,studie,Campaign Negative Phrase,,
NO | Rekruttering,,kurs,Campaign Negative Phrase,,
NO | Rekruttering,,praksisoppgave,Campaign Negative Phrase,,
